,index,season,year,month,holiday,weekday,weather,temperature,humidity,windspeed,count
0,0,1,0,1,0,6,2,0.344167,0.805833,0.160446,985
1,1,1,0,1,0,0,2,0.363478,0.696087,0.248539,801
2,2,1,0,1,0,1,1,0.196364,0.437273,0.248309,1349
3,3,1,0,1,0,2,1,0.2,0.590435,0.160296,1562
4,4,1,0,1,0,3,1,0.226957,0.436957,0.1869,1600
5,5,1,0,1,0,4,1,0.204348,0.518261,0.0895652,1606
6,6,1,0,1,0,5,2,0.196522,0.498696,0.168726,1510
7,7,1,0,1,0,6,2,0.165,0.535833,0.266804,959
8,8,1,0,1,0,0,1,0.138333,0.434167,0.36195,822
9,9,1,0,1,0,1,1,0.150833,0.482917,0.223267,1321
10,10,1,0,1,0,2,2,0.169091,0.686364,0.122132,1263
11,11,1,0,1,0,3,1,0.172727,0.599545,0.304627,1162
12,12,1,0,1,0,4,1,0.165,0.470417,0.301,1406
13,13,1,0,1,0,5,1,0.16087,0.537826,0.126548,1421
14,14,1,0,1,0,6,2,0.233333,0.49875,0.157963,1248
15,15,1,0,1,0,0,1,0.231667,0.48375,0.188433,1204
16,16,1,0,1,1,1,2,0.175833,0.5375,0.194017,1000
17,17,1,0,1,0,2,2,0.216667,0.861667,0.146775,683
18,18,1,0,1,0,3,2,0.292174,0.741739,0.208317,1650
19,19,1,0,1,0,4,2,0.261667,0.538333,0.195904,1927
20,20,1,0,1,0,5,1,0.1775,0.457083,0.353242,1543
21,21,1,0,1,0,6,1,0.0591304,0.4,0.17197,981
22,22,1,0,1,0,0,1,0.0965217,0.436522,0.2466,986
23,23,1,0,1,0,1,1,0.0973913,0.491739,0.15833,1416
24,24,1,0,1,0,2,2,0.223478,0.616957,0.129796,1985
25,25,1,0,1,0,3,3,0.2175,0.8625,0.29385,506
26,26,1,0,1,0,4,1,0.195,0.6875,0.113837,431
27,27,1,0,1,0,5,2,0.203478,0.793043,0.1233,1167
28,28,1,0,1,0,6,1,0.196522,0.651739,0.145365,1098
29,29,1,0,1,0,0,1,0.216522,0.722174,0.0739826,1096
30,30,1,0,1,0,1,2,0.180833,0.60375,0.187192,1501
31,31,1,0,2,0,2,2,0.192174,0.829565,0.053213,1360
32,32,1,0,2,0,3,2,0.26,0.775417,0.264308,1526
33,33,1,0,2,0,4,1,0.186957,0.437826,0.277752,1550
34,34,1,0,2,0,5,2,0.211304,0.585217,0.127839,1708
35,35,1,0,2,0,6,2,0.233333,0.929167,0.161079,1005
36,36,1,0,2,0,0,1,0.285833,0.568333,0.1418,1623
37,37,1,0,2,0,1,1,0.271667,0.738333,0.0454083,1712
38,38,1,0,2,0,2,1,0.220833,0.537917,0.36195,1530
39,39,1,0,2,0,3,2,0.134783,0.494783,0.188839,1605
40,40,1,0,2,0,4,1,0.144348,0.437391,0.221935,1538
41,41,1,0,2,0,5,1,0.189091,0.506364,0.10855,1746
42,42,1,0,2,0,6,1,0.2225,0.544167,0.203367,1472
43,43,1,0,2,0,0,1,0.316522,0.457391,0.260883,1589
44,45,1,0,2,0,2,1,0.266087,0.314348,0.291374,1815
45,46,1,0,2,0,3,1,0.318261,0.423478,0.251791,2115
46,47,1,0,2,0,4,1,0.435833,0.505,0.230104,2475
47,48,1,0,2,0,5,1,0.521667,0.516667,0.264925,2927
48,49,1,0,2,0,6,1,0.399167,0.187917,0.507463,1635
49,50,1,0,2,0,0,1,0.285217,0.407826,0.223235,1812
50,51,1,0,2,1,1,2,0.303333,0.605,0.307846,1107
51,52,1,0,2,0,2,1,0.182222,0.577778,0.195683,1450
52,53,1,0,2,0,3,1,0.221739,0.423043,0.094113,1917
53,54,1,0,2,0,4,2,0.295652,0.697391,0.250496,1807
54,55,1,0,2,0,5,2,0.364348,0.712174,0.346539,1461
55,56,1,0,2,0,6,1,0.2825,0.537917,0.186571,1969
56,57,1,0,2,0,0,1,0.343478,0.68,0.125248,2402
57,58,1,0,2,0,1,2,0.407273,0.876364,0.289686,1446
58,59,1,0,3,0,2,1,0.266667,0.535,0.216425,1851
59,60,1,0,3,0,3,1,0.335,0.449583,0.307833,2134
60,61,1,0,3,0,4,1,0.198333,0.318333,0.225754,1685
61,62,1,0,3,0,5,2,0.261667,0.610417,0.203346,1944
62,63,1,0,3,0,6,2,0.384167,0.789167,0.251871,2077
63,64,1,0,3,0,0,2,0.376522,0.948261,0.343287,605
64,65,1,0,3,0,1,1,0.261739,0.551304,0.341352,1872
65,66,1,0,3,0,2,1,0.2925,0.420833,0.12065,2133
66,67,1,0,3,0,3,2,0.295833,0.775417,0.22015,1891
67,68,1,0,3,0,4,3,0.389091,0.0,0.261877,623
68,69,1,0,3,0,5,2,0.316522,0.649565,0.23297,1977
69,70,1,0,3,0,6,1,0.329167,0.594583,0.220775,2132
70,71,1,0,3,0,0,1,0.384348,0.527391,0.270604,2417
71,72,1,0,3,0,1,1,0.325217,0.496957,0.136926,2046
72,73,1,0,3,0,2,2,0.317391,0.655652,0.184309,2056
73,74,1,0,3,0,3,2,0.365217,0.776522,0.203117,2192
74,75,1,0,3,0,4,1,0.415,0.602917,0.209579,2744
75,76,1,0,3,0,5,1,0.54,0.525217,0.231017,3239
76,77,1,0,3,0,6,1,0.4725,0.379167,0.368167,3117
77,78,1,0,3,0,0,1,0.3325,0.47375,0.207721,2471
78,79,2,0,3,0,1,2,0.430435,0.737391,0.288783,2077
79,80,2,0,3,0,2,1,0.441667,0.624583,0.22575,2703
80,81,2,0,3,0,3,2,0.346957,0.839565,0.234261,2121
81,82,2,0,3,0,4,2,0.285,0.805833,0.243787,1865
82,83,2,0,3,0,5,1,0.264167,0.495,0.230725,2210
83,84,2,0,3,0,6,1,0.265833,0.394167,0.209571,2496
84,85,2,0,3,0,0,2,0.253043,0.493913,0.1843,1693
85,86,2,0,3,0,1,1,0.264348,0.302174,0.212204,2028
86,87,2,0,3,0,2,1,0.3025,0.314167,0.226996,2425
87,88,2,0,3,0,3,2,0.3,0.646667,0.172888,1536
88,89,2,0,3,0,4,3,0.268333,0.918333,0.217646,1685
89,90,2,0,4,0,5,2,0.3,0.68625,0.258708,2227
90,91,2,0,4,0,6,2,0.315,0.65375,0.197146,2252
91,92,2,0,4,0,0,1,0.378333,0.48,0.182213,3249
92,93,2,0,4,0,1,1,0.573333,0.42625,0.385571,3115
93,94,2,0,4,0,2,2,0.414167,0.642083,0.388067,1795
94,95,2,0,4,0,3,1,0.390833,0.470833,0.263063,2808
95,96,2,0,4,0,4,1,0.4375,0.602917,0.162312,3141
96,97,2,0,4,0,5,2,0.335833,0.83625,0.226992,1471
97,98,2,0,4,0,6,2,0.3425,0.8775,0.133083,2455
98,99,2,0,4,0,0,2,0.426667,0.8575,0.146767,2895
99,100,2,0,4,0,1,2,0.595652,0.716956,0.324474,3348
100,101,2,0,4,0,2,2,0.5025,0.739167,0.274879,2034
101,102,2,0,4,0,3,2,0.4125,0.819167,0.250617,2162
102,103,2,0,4,0,4,1,0.4675,0.540417,0.1107,3267
103,104,2,0,4,1,5,1,0.446667,0.67125,0.226375,3126
104,105,2,0,4,0,6,3,0.430833,0.888333,0.340808,795
105,106,2,0,4,0,0,1,0.456667,0.479583,0.303496,3744
106,107,2,0,4,0,1,1,0.5125,0.5425,0.163567,3429
107,108,2,0,4,0,2,2,0.505833,0.665833,0.157971,3204
108,109,2,0,4,0,3,1,0.595,0.614167,0.241925,3944
109,110,2,0,4,0,4,1,0.459167,0.407083,0.325258,4189
110,111,2,0,4,0,5,2,0.336667,0.729583,0.219521,1683
111,112,2,0,4,0,6,2,0.46,0.887917,0.230725,4036
112,113,2,0,4,0,0,2,0.581667,0.810833,0.192175,4191
113,114,2,0,4,0,1,1,0.606667,0.776667,0.185333,4073
114,115,2,0,4,0,2,1,0.631667,0.729167,0.3265,4400
115,116,2,0,4,0,3,2,0.62,0.835417,0.3122,3872
116,117,2,0,4,0,4,2,0.6175,0.700833,0.320908,4058
117,118,2,0,4,0,5,1,0.51,0.457083,0.240063,4595
118,119,2,0,4,0,6,1,0.4725,0.503333,0.235075,5312
119,120,2,0,5,0,0,2,0.451667,0.762083,0.106354,3351
120,121,2,0,5,0,1,2,0.549167,0.73,0.183454,4401
121,122,2,0,5,0,2,2,0.616667,0.697083,0.342667,4451
122,123,2,0,5,0,3,2,0.414167,0.737083,0.328996,2633
123,124,2,0,5,0,4,1,0.459167,0.444167,0.295392,4433
124,125,2,0,5,0,5,1,0.479167,0.59,0.228246,4608
125,126,2,0,5,0,6,1,0.52,0.54125,0.16045,4714
126,127,2,0,5,0,0,1,0.528333,0.631667,0.0746375,4333
127,128,2,0,5,0,1,1,0.5325,0.58875,0.176,4362
128,129,2,0,5,0,2,1,0.5325,0.489167,0.115671,4803
129,130,2,0,5,0,3,1,0.5425,0.632917,0.120642,4182
130,131,2,0,5,0,4,1,0.535,0.7475,0.189667,4864
131,132,2,0,5,0,5,2,0.5125,0.863333,0.179725,4105
132,133,2,0,5,0,6,2,0.520833,0.9225,0.13495,3409
133,134,2,0,5,0,0,2,0.5625,0.867083,0.152979,4553
134,135,2,0,5,0,1,1,0.5775,0.787917,0.126871,3958
135,136,2,0,5,0,2,2,0.561667,0.837917,0.277354,4123
136,137,2,0,5,0,3,2,0.55,0.87,0.201492,3855
137,138,2,0,5,0,4,2,0.530833,0.829583,0.108213,4575
138,139,2,0,5,0,5,1,0.536667,0.719583,0.125013,4917
139,140,2,0,5,0,6,1,0.6025,0.626667,0.12065,5805
140,141,2,0,5,0,0,1,0.604167,0.749583,0.148008,4660
141,142,2,0,5,0,1,2,0.631667,0.81,0.233842,4274
142,143,2,0,5,0,2,2,0.66,0.740833,0.207092,4492
143,144,2,0,5,0,3,1,0.660833,0.69625,0.154233,4978
144,145,2,0,5,0,4,1,0.708333,0.6775,0.199642,4677
145,146,2,0,5,0,5,1,0.681667,0.65375,0.240679,4679
146,147,2,0,5,0,6,1,0.655833,0.729583,0.230092,4758
147,148,2,0,5,0,0,1,0.6675,0.81875,0.213938,4788
148,149,2,0,5,1,1,1,0.733333,0.685,0.131225,4098
149,150,2,0,5,0,2,1,0.775,0.636667,0.111329,3982
150,151,2,0,6,0,3,2,0.764167,0.677083,0.207092,3974
151,152,2,0,6,0,4,1,0.715,0.305,0.292287,4968
152,153,2,0,6,0,5,1,0.62,0.354167,0.253121,5312
153,154,2,0,6,0,6,1,0.635,0.45625,0.123142,5342
154,155,2,0,6,0,0,2,0.648333,0.6525,0.138692,4906
155,156,2,0,6,0,1,1,0.678333,0.6,0.121896,4548
156,157,2,0,6,0,2,1,0.7075,0.597917,0.187808,4833
157,158,2,0,6,0,3,1,0.775833,0.622083,0.136817,4401
158,159,2,0,6,0,4,2,0.808333,0.568333,0.149883,3915
159,160,2,0,6,0,5,1,0.755,0.605,0.140554,4586
160,161,2,0,6,0,6,1,0.725,0.654583,0.15485,4966
161,162,2,0,6,0,0,1,0.6925,0.747917,0.163567,4460
162,163,2,0,6,0,1,1,0.635,0.494583,0.30535,5020
163,164,2,0,6,0,2,1,0.604167,0.507083,0.269283,4891
164,165,2,0,6,0,3,1,0.626667,0.471667,0.167912,5180
165,166,2,0,6,0,4,2,0.628333,0.688333,0.206471,3767
166,167,2,0,6,0,5,1,0.649167,0.735833,0.143029,4844
167,168,2,0,6,0,6,1,0.696667,0.670417,0.119408,5119
168,169,2,0,6,0,0,2,0.699167,0.666667,0.102,4744
169,170,2,0,6,0,1,2,0.635,0.74625,0.155475,4010
170,171,3,0,6,0,2,2,0.680833,0.770417,0.171025,4835
171,172,3,0,6,0,3,1,0.733333,0.7075,0.172262,4507
172,173,3,0,6,0,4,2,0.728333,0.703333,0.238804,4790
173,174,3,0,6,0,5,1,0.724167,0.573333,0.222025,4991
174,175,3,0,6,0,6,1,0.695,0.483333,0.209571,5202
175,176,3,0,6,0,0,1,0.68,0.513333,0.0945333,5305
176,177,3,0,6,0,1,2,0.6825,0.658333,0.107588,4708
177,178,3,0,6,0,2,1,0.744167,0.634167,0.144283,4648
178,179,3,0,6,0,3,1,0.728333,0.497917,0.261821,5225
179,180,3,0,6,0,4,1,0.696667,0.434167,0.185312,5515
180,181,3,0,7,0,5,1,0.7225,0.39625,0.102608,5362
181,182,3,0,7,0,6,1,0.738333,0.444583,0.115062,5119
182,183,3,0,7,0,0,2,0.716667,0.6825,0.228858,4649
183,184,3,0,7,1,1,2,0.726667,0.637917,0.0814792,6043
184,185,3,0,7,0,2,1,0.746667,0.590417,0.126258,4665
185,186,3,0,7,0,3,1,0.72,0.743333,0.149883,4629
186,187,3,0,7,0,4,1,0.75,0.65125,0.1592,4592
187,188,3,0,7,0,5,2,0.709167,0.757917,0.225129,4040
188,189,3,0,7,0,6,1,0.733333,0.609167,0.167912,5336
189,190,3,0,7,0,0,1,0.7475,0.578333,0.183471,4881
190,191,3,0,7,0,1,1,0.7625,0.635833,0.282337,4086
191,192,3,0,7,0,2,1,0.794167,0.559167,0.200254,4258
192,193,3,0,7,0,3,1,0.746667,0.631667,0.146133,4342
193,194,3,0,7,0,4,1,0.680833,0.47625,0.240667,5084
194,195,3,0,7,0,5,1,0.663333,0.59125,0.182833,5538
195,196,3,0,7,0,6,1,0.686667,0.585,0.208342,5923
196,197,3,0,7,0,0,1,0.719167,0.604167,0.245033,5302
197,198,3,0,7,0,1,1,0.746667,0.65125,0.215804,4458
198,199,3,0,7,0,2,1,0.776667,0.650417,0.1306,4541
199,200,3,0,7,0,3,1,0.768333,0.707083,0.113817,4332
200,201,3,0,7,0,4,2,0.815,0.69125,0.222021,3784
201,202,3,0,7,0,5,1,0.848333,0.580417,0.1331,3387
202,203,3,0,7,0,6,1,0.849167,0.5,0.131221,3285
203,204,3,0,7,0,0,1,0.83,0.550833,0.169171,3606
204,205,3,0,7,0,1,1,0.743333,0.757083,0.0908083,3840
205,206,3,0,7,0,2,1,0.771667,0.540833,0.200258,4590
206,207,3,0,7,0,3,1,0.775,0.402917,0.183463,4656
207,208,3,0,7,0,4,1,0.779167,0.583333,0.178479,4390
208,209,3,0,7,0,5,1,0.838333,0.5425,0.174138,3846
209,210,3,0,7,0,6,1,0.804167,0.465833,0.168537,4475
210,211,3,0,7,0,0,1,0.805833,0.480833,0.164813,4302
211,212,3,0,8,0,1,1,0.771667,0.550833,0.156717,4266
212,213,3,0,8,0,2,1,0.783333,0.49125,0.20585,4845
213,214,3,0,8,0,3,2,0.731667,0.6575,0.135583,3574
214,215,3,0,8,0,4,2,0.71,0.7575,0.19715,4576
215,216,3,0,8,0,5,1,0.710833,0.630833,0.184696,4866
216,217,3,0,8,0,6,2,0.716667,0.755,0.22825,4294
217,218,3,0,8,0,0,1,0.7425,0.752917,0.201487,3785
218,219,3,0,8,0,1,1,0.765,0.592083,0.192175,4326
219,220,3,0,8,0,2,1,0.775,0.570417,0.151121,4602
220,221,3,0,8,0,3,1,0.766667,0.424167,0.200258,4780
221,222,3,0,8,0,4,1,0.7175,0.42375,0.164796,4792
222,223,3,0,8,0,5,1,0.708333,0.415,0.125621,4905
223,224,3,0,8,0,6,2,0.685833,0.729583,0.211454,4150
224,225,3,0,8,0,0,2,0.676667,0.8175,0.222633,3820
225,226,3,0,8,0,1,1,0.665833,0.712083,0.208954,4338
226,227,3,0,8,0,2,1,0.700833,0.578333,0.236329,4725
227,228,3,0,8,0,3,1,0.723333,0.575417,0.143667,4694
228,229,3,0,8,0,4,1,0.711667,0.654583,0.233208,3805
229,230,3,0,8,0,5,2,0.685,0.722917,0.139308,4153
230,231,3,0,8,0,6,1,0.6975,0.674167,0.104467,5191
231,232,3,0,8,0,0,1,0.710833,0.77,0.248754,3873
232,233,3,0,8,0,1,1,0.691667,0.47,0.27675,4758
233,234,3,0,8,0,2,1,0.640833,0.455417,0.146763,5895
234,235,3,0,8,0,3,1,0.673333,0.605,0.253108,5130
235,236,3,0,8,0,4,2,0.684167,0.771667,0.210833,3542
236,237,3,0,8,0,5,1,0.7,0.76125,0.0839625,4661
237,238,3,0,8,0,6,2,0.68,0.85,0.375617,1115
238,239,3,0,8,0,0,1,0.707059,0.561765,0.304659,4334
239,240,3,0,8,0,1,1,0.636667,0.554583,0.159825,4634
240,241,3,0,8,0,2,1,0.639167,0.548333,0.125008,5204
241,242,3,0,8,0,3,1,0.656667,0.597917,0.0833333,5058
242,243,3,0,9,0,4,1,0.655,0.639167,0.141796,5115
243,244,3,0,9,0,5,2,0.643333,0.727083,0.139929,4727
244,245,3,0,9,0,6,1,0.669167,0.716667,0.185325,4484
245,246,3,0,9,0,0,1,0.709167,0.742083,0.206467,4940
246,247,3,0,9,1,1,2,0.673333,0.790417,0.212696,3351
247,248,3,0,9,0,2,3,0.54,0.886957,0.343943,2710
248,249,3,0,9,0,3,3,0.599167,0.917083,0.0970208,1996
249,250,3,0,9,0,4,3,0.633913,0.939565,0.192748,1842
250,251,3,0,9,0,5,2,0.65,0.897917,0.124379,3544
251,252,3,0,9,0,6,1,0.66,0.75375,0.153608,5345
252,253,3,0,9,0,0,1,0.653333,0.71375,0.115054,5046
253,254,3,0,9,0,1,1,0.644348,0.692174,0.088913,4713
254,255,3,0,9,0,2,1,0.650833,0.7125,0.141804,4763
255,256,3,0,9,0,3,1,0.673333,0.697083,0.1673,4785
256,257,3,0,9,0,4,2,0.5775,0.709167,0.271146,3659
257,258,3,0,9,0,5,2,0.469167,0.590417,0.164183,4760
258,259,3,0,9,0,6,2,0.491667,0.718333,0.189675,4511
259,260,3,0,9,0,0,1,0.5075,0.695,0.178483,4274
260,261,3,0,9,0,1,2,0.549167,0.69,0.151742,4539
261,262,3,0,9,0,2,2,0.561667,0.88125,0.134954,3641
262,263,3,0,9,0,3,2,0.595,0.9,0.0964042,4352
263,264,3,0,9,0,4,2,0.628333,0.902083,0.128125,4795
264,265,4,0,9,0,5,2,0.609167,0.9725,0.0783667,2395
265,266,4,0,9,0,6,2,0.606667,0.8625,0.0783833,5423
266,267,4,0,9,0,0,2,0.634167,0.845,0.0503792,5010
267,268,4,0,9,0,1,2,0.649167,0.848333,0.1107,4630
268,269,4,0,9,0,2,2,0.636667,0.885417,0.118171,4120
269,270,4,0,9,0,3,2,0.635,0.84875,0.148629,3907
270,271,4,0,9,0,4,1,0.616667,0.699167,0.172883,4839
271,272,4,0,9,0,5,1,0.564167,0.6475,0.206475,5202
272,273,4,0,10,0,6,2,0.41,0.75375,0.292296,2429
273,274,4,0,10,0,0,2,0.356667,0.791667,0.222013,2918
274,275,4,0,10,0,1,2,0.384167,0.760833,0.0833458,3570
275,276,4,0,10,0,2,1,0.484167,0.71,0.205854,4456
276,277,4,0,10,0,3,1,0.538333,0.647917,0.17725,4826
277,278,4,0,10,0,4,1,0.494167,0.620833,0.134954,4765
278,279,4,0,10,0,5,1,0.510833,0.684167,0.0223917,4985
279,280,4,0,10,0,6,1,0.521667,0.70125,0.0454042,5409
280,281,4,0,10,0,0,1,0.540833,0.7275,0.06345,5511
281,282,4,0,10,1,1,1,0.570833,0.73375,0.0423042,5117
282,283,4,0,10,0,2,2,0.566667,0.80875,0.143042,4563
283,284,4,0,10,0,3,3,0.543333,0.90625,0.24815,2416
284,285,4,0,10,0,4,2,0.589167,0.896667,0.141787,2913
285,286,4,0,10,0,5,2,0.550833,0.71625,0.223883,3644
286,287,4,0,10,0,6,1,0.506667,0.483333,0.258083,5217
287,288,4,0,10,0,0,1,0.511667,0.486667,0.281717,5041
288,289,4,0,10,0,1,1,0.534167,0.579583,0.175379,4570
289,291,4,0,10,0,3,3,0.541739,0.895217,0.243339,2424
290,292,4,0,10,0,4,1,0.475833,0.63625,0.422275,4195
291,293,4,0,10,0,5,1,0.4275,0.574167,0.221396,4304
292,294,4,0,10,0,6,1,0.4225,0.629167,0.0926667,4308
293,295,4,0,10,0,0,1,0.421667,0.74125,0.0995125,4381
294,296,4,0,10,0,1,1,0.463333,0.772083,0.118792,4187
295,297,4,0,10,0,2,1,0.471667,0.622917,0.166658,4687
296,298,4,0,10,0,3,2,0.484167,0.720417,0.148642,3894
297,299,4,0,10,0,4,2,0.47,0.812917,0.197763,2659
298,300,4,0,10,0,5,2,0.330833,0.585833,0.229479,3747
299,301,4,0,10,0,6,3,0.254167,0.8825,0.351371,627
300,302,4,0,10,0,0,1,0.319167,0.62375,0.176617,3331
301,303,4,0,10,0,1,1,0.34,0.703333,0.10635,3669
302,304,4,0,11,0,2,1,0.400833,0.68375,0.135571,4068
303,305,4,0,11,0,3,1,0.3775,0.71875,0.0820917,4186
304,306,4,0,11,0,4,1,0.408333,0.702083,0.136817,3974
305,307,4,0,11,0,5,2,0.403333,0.6225,0.271779,4046
306,308,4,0,11,0,6,1,0.326667,0.519167,0.189062,3926
307,309,4,0,11,0,0,1,0.348333,0.734583,0.0920542,3649
308,310,4,0,11,0,1,1,0.395,0.75875,0.057225,4035
309,311,4,0,11,0,2,1,0.408333,0.721667,0.0690375,4205
310,312,4,0,11,0,3,1,0.4,0.758333,0.0621958,4109
311,313,4,0,11,0,4,2,0.38,0.813333,0.189067,2933
312,314,4,0,11,1,5,1,0.324167,0.44625,0.314675,3368
313,315,4,0,11,0,6,1,0.356667,0.552917,0.212062,4067
314,316,4,0,11,0,0,1,0.440833,0.458333,0.281721,3717
315,317,4,0,11,0,1,1,0.53,0.587083,0.306596,4486
316,318,4,0,11,0,2,2,0.53,0.68875,0.199633,4195
317,319,4,0,11,0,3,3,0.456667,0.93,0.136829,1817
318,320,4,0,11,0,4,2,0.341667,0.575833,0.305362,3053
319,321,4,0,11,0,5,1,0.274167,0.41,0.168533,3392
320,322,4,0,11,0,6,1,0.329167,0.502083,0.224496,3663
321,323,4,0,11,0,0,2,0.463333,0.684583,0.18595,3520
322,324,4,0,11,0,1,3,0.4475,0.91,0.138054,2765
323,325,4,0,11,0,2,3,0.416667,0.9625,0.118792,1607
324,326,4,0,11,0,3,2,0.440833,0.757917,0.335825,2566
325,327,4,0,11,1,4,1,0.373333,0.549167,0.167304,1495
326,328,4,0,11,0,5,1,0.375,0.64375,0.0988958,2792
327,329,4,0,11,0,6,1,0.375833,0.681667,0.0684208,3068
328,330,4,0,11,0,0,1,0.459167,0.698333,0.208954,3071
329,331,4,0,11,0,1,1,0.503478,0.743043,0.142122,3867
330,332,4,0,11,0,2,2,0.458333,0.830833,0.258092,2914
331,333,4,0,11,0,3,1,0.325,0.613333,0.271158,3613
332,334,4,0,12,0,4,1,0.3125,0.524583,0.220158,3727
333,335,4,0,12,0,5,1,0.314167,0.625833,0.100754,3940
334,336,4,0,12,0,6,1,0.299167,0.612917,0.0957833,3614
335,337,4,0,12,0,0,1,0.330833,0.775833,0.0839583,3485
336,338,4,0,12,0,1,2,0.385833,0.827083,0.0622083,3811
337,339,4,0,12,0,2,3,0.4625,0.949583,0.232583,2594
338,340,4,0,12,0,3,3,0.41,0.970417,0.266175,705
339,341,4,0,12,0,4,1,0.265833,0.58,0.240058,3322
340,342,4,0,12,0,5,1,0.290833,0.695833,0.0827167,3620
341,343,4,0,12,0,6,1,0.275,0.5075,0.233221,3190
342,344,4,0,12,0,0,1,0.220833,0.49,0.0665417,2743
343,345,4,0,12,0,1,1,0.238333,0.670833,0.06345,3310
344,346,4,0,12,0,2,1,0.2825,0.59,0.14055,3523
345,347,4,0,12,0,3,2,0.3175,0.66375,0.0609583,3740
346,348,4,0,12,0,4,2,0.4225,0.634167,0.268042,3709
347,349,4,0,12,0,5,2,0.375,0.500417,0.260575,3577
348,350,4,0,12,0,6,2,0.258333,0.560833,0.243167,2739
349,351,4,0,12,0,0,1,0.238333,0.58625,0.169779,2431
350,352,4,0,12,0,1,1,0.276667,0.6375,0.172896,3403
351,353,4,0,12,0,2,2,0.385833,0.595417,0.0615708,3750
352,354,1,0,12,0,3,2,0.428333,0.858333,0.2214,2660
353,355,1,0,12,0,4,2,0.423333,0.7575,0.047275,3068
354,356,1,0,12,0,5,1,0.373333,0.68625,0.274246,2209
355,357,1,0,12,0,6,1,0.3025,0.5425,0.190304,1011
356,358,1,0,12,0,0,1,0.274783,0.681304,0.155091,754
357,359,1,0,12,1,1,1,0.321739,0.506957,0.239465,1317
358,360,1,0,12,0,2,2,0.325,0.7625,0.18845,1162
359,361,1,0,12,0,3,1,0.29913,0.503913,0.293961,2302
360,362,1,0,12,0,4,1,0.248333,0.574167,0.119412,2423
361,363,1,0,12,0,5,1,0.311667,0.636667,0.134337,2999
362,364,1,0,12,0,6,1,0.41,0.615833,0.220154,2485
363,365,1,1,1,0,0,1,0.37,0.6925,0.192167,2294
364,366,1,1,1,1,1,1,0.273043,0.381304,0.329665,1951
365,367,1,1,1,0,2,1,0.15,0.44125,0.365671,2236
366,368,1,1,1,0,3,2,0.1075,0.414583,0.1847,2368
367,369,1,1,1,0,4,1,0.265833,0.524167,0.129987,3272
368,370,1,1,1,0,5,1,0.334167,0.542083,0.167908,4098
369,371,1,1,1,0,6,1,0.393333,0.531667,0.174758,4521
370,372,1,1,1,0,0,1,0.3375,0.465,0.191542,3425
371,373,1,1,1,0,1,2,0.224167,0.701667,0.0989,2376
372,374,1,1,1,0,2,1,0.308696,0.646522,0.187552,3598
373,375,1,1,1,0,3,2,0.274167,0.8475,0.131221,2177
374,376,1,1,1,0,4,2,0.3825,0.802917,0.180967,4097
375,377,1,1,1,0,5,1,0.274167,0.5075,0.378108,3214
376,378,1,1,1,0,6,1,0.18,0.4575,0.187183,2493
377,379,1,1,1,0,0,1,0.166667,0.419167,0.251258,2311
378,381,1,1,1,0,2,2,0.373043,0.716087,0.34913,2935
379,382,1,1,1,0,3,1,0.303333,0.443333,0.415429,3376
380,383,1,1,1,0,4,1,0.19,0.4975,0.220158,3292
381,384,1,1,1,0,5,2,0.2175,0.45,0.20275,3163
382,385,1,1,1,0,6,2,0.173333,0.83125,0.222642,1301
383,386,1,1,1,0,0,2,0.1625,0.79625,0.199638,1977
384,387,1,1,1,0,1,2,0.218333,0.91125,0.110708,2432
385,388,1,1,1,0,2,1,0.3425,0.835833,0.123767,4339
386,389,1,1,1,0,3,1,0.294167,0.64375,0.161071,4270
387,390,1,1,1,0,4,2,0.341667,0.769583,0.0733958,4075
388,391,1,1,1,0,5,2,0.425,0.74125,0.342667,3456
389,392,1,1,1,0,6,1,0.315833,0.543333,0.210829,4023
390,393,1,1,1,0,0,1,0.2825,0.31125,0.24005,3243
391,394,1,1,1,0,1,1,0.269167,0.400833,0.215792,3624
392,395,1,1,1,0,2,1,0.39,0.416667,0.261817,4509
393,396,1,1,2,0,3,1,0.469167,0.507917,0.189067,4579
394,397,1,1,2,0,4,2,0.399167,0.672917,0.187187,3761
395,398,1,1,2,0,5,1,0.313333,0.526667,0.178496,4151
396,399,1,1,2,0,6,2,0.264167,0.779583,0.121896,2832
397,400,1,1,2,0,0,2,0.265833,0.687917,0.175996,2947
398,401,1,1,2,0,1,1,0.282609,0.622174,0.1538,3784
399,402,1,1,2,0,2,1,0.354167,0.49625,0.147379,4375
400,403,1,1,2,0,3,2,0.256667,0.722917,0.133721,2802
401,404,1,1,2,0,4,1,0.265,0.562083,0.194037,3830
402,406,1,1,2,0,6,3,0.224167,0.73125,0.289796,2169
403,407,1,1,2,0,0,1,0.1275,0.464583,0.409212,1529
404,408,1,1,2,0,1,1,0.2225,0.41125,0.167283,3422
405,409,1,1,2,0,2,2,0.319167,0.50875,0.141179,3922
406,410,1,1,2,0,3,1,0.348333,0.53125,0.1816,4169
407,411,1,1,2,0,4,2,0.316667,0.752917,0.091425,3005
408,412,1,1,2,0,5,1,0.343333,0.634583,0.205846,4154
409,413,1,1,2,0,6,1,0.346667,0.534583,0.190929,4318
410,414,1,1,2,0,0,2,0.28,0.515833,0.253112,2689
411,415,1,1,2,1,1,1,0.28,0.507826,0.229083,3129
412,416,1,1,2,0,2,1,0.287826,0.594348,0.205717,3777
413,417,1,1,2,0,3,1,0.395833,0.567917,0.234471,4773
414,419,1,1,2,0,5,2,0.4075,0.7375,0.237567,3487
415,420,1,1,2,0,6,1,0.290833,0.395833,0.421642,2732
416,421,1,1,2,0,0,1,0.279167,0.41,0.205229,3389
417,422,1,1,2,0,1,1,0.366667,0.490833,0.268033,4322
418,423,1,1,2,0,2,1,0.359167,0.395833,0.193417,4363
419,424,1,1,2,0,3,2,0.344348,0.804783,0.179117,1834
420,425,1,1,3,0,4,1,0.485833,0.615417,0.226987,4990
421,426,1,1,3,0,5,2,0.353333,0.657083,0.144904,3194
422,427,1,1,3,0,6,2,0.414167,0.62125,0.161079,4066
423,428,1,1,3,0,0,1,0.325833,0.403333,0.334571,3423
424,429,1,1,3,0,1,1,0.243333,0.50625,0.228858,3333
425,432,1,1,3,0,4,1,0.5275,0.5675,0.441563,5382
426,433,1,1,3,0,5,2,0.410833,0.407083,0.4148,4569
427,434,1,1,3,0,6,1,0.2875,0.350417,0.22575,4118
428,435,1,1,3,0,0,1,0.361739,0.476957,0.222587,4911
429,436,1,1,3,0,1,1,0.466667,0.489167,0.207713,5298
430,437,1,1,3,0,2,1,0.565,0.6175,0.23695,5847
431,438,1,1,3,0,3,1,0.5725,0.507083,0.115062,6312
432,439,1,1,3,0,4,1,0.5575,0.579583,0.149883,6192
433,440,1,1,3,0,5,2,0.435833,0.842083,0.113192,4378
434,441,1,1,3,0,6,2,0.514167,0.755833,0.110704,7836
435,442,1,1,3,0,0,2,0.4725,0.81,0.126883,5892
436,443,1,1,3,0,1,1,0.545,0.72875,0.162317,6153
437,444,1,1,3,0,2,1,0.560833,0.807917,0.121271,6093
438,445,2,1,3,0,3,2,0.531667,0.82125,0.0895583,6230
439,446,2,1,3,0,4,1,0.554167,0.83125,0.117562,6871
440,447,2,1,3,0,5,2,0.601667,0.694167,0.1163,8362
441,448,2,1,3,0,6,2,0.5025,0.885417,0.192783,3372
442,449,2,1,3,0,0,2,0.4375,0.880833,0.220775,4996
443,450,2,1,3,0,1,1,0.445833,0.477917,0.386821,5558
444,451,2,1,3,0,2,1,0.323333,0.29,0.187192,5102
445,452,2,1,3,0,3,1,0.484167,0.48125,0.291671,5698
446,453,2,1,3,0,4,1,0.494167,0.439167,0.31965,6133
447,454,2,1,3,0,5,2,0.37,0.580833,0.138067,5459
448,455,2,1,3,0,6,2,0.424167,0.738333,0.250617,6235
449,456,2,1,4,0,0,2,0.425833,0.67625,0.172267,6041
450,457,2,1,4,0,1,1,0.433913,0.504348,0.312139,5936
451,458,2,1,4,0,2,1,0.466667,0.396667,0.100133,6772
452,459,2,1,4,0,3,1,0.541667,0.469583,0.180975,6436
453,460,2,1,4,0,4,1,0.435,0.374167,0.219529,6457
454,461,2,1,4,0,5,1,0.403333,0.377083,0.300388,6460
455,462,2,1,4,0,6,1,0.4375,0.254167,0.274871,6857
456,463,2,1,4,0,0,1,0.5,0.275833,0.232596,5169
457,464,2,1,4,0,1,1,0.489167,0.3175,0.358196,5585
458,465,2,1,4,0,2,1,0.446667,0.435,0.249375,5918
459,466,2,1,4,0,3,1,0.348696,0.469565,0.295274,4862
460,467,2,1,4,0,4,1,0.3975,0.46625,0.290429,5409
461,468,2,1,4,0,5,1,0.4425,0.408333,0.155471,6398
462,469,2,1,4,0,6,1,0.495,0.502917,0.190917,7460
463,470,2,1,4,0,0,1,0.606667,0.507917,0.225129,7132
464,471,2,1,4,1,1,1,0.664167,0.561667,0.284829,6370
465,472,2,1,4,0,2,1,0.608333,0.390417,0.273629,6691
466,473,2,1,4,0,3,2,0.463333,0.569167,0.167912,4367
467,474,2,1,4,0,4,1,0.498333,0.6125,0.0659292,6565
468,475,2,1,4,0,5,1,0.526667,0.694583,0.149871,7290
469,476,2,1,4,0,6,1,0.57,0.682917,0.283587,6624
470,477,2,1,4,0,0,3,0.396667,0.835417,0.344546,1027
471,478,2,1,4,0,1,2,0.321667,0.766667,0.303496,3214
472,479,2,1,4,0,2,1,0.413333,0.454167,0.249383,5633
473,480,2,1,4,0,3,1,0.476667,0.427917,0.118792,6196
474,481,2,1,4,0,4,2,0.498333,0.756667,0.176625,5026
475,482,2,1,4,0,5,1,0.4575,0.400833,0.347633,6233
476,483,2,1,4,0,6,2,0.376667,0.489583,0.129975,4220
477,484,2,1,4,0,0,1,0.458333,0.587083,0.116908,6304
478,485,2,1,4,0,1,2,0.464167,0.57,0.171638,5572
479,486,2,1,5,0,2,2,0.613333,0.659583,0.156096,5740
480,487,2,1,5,0,3,1,0.564167,0.797083,0.138058,6169
481,488,2,1,5,0,4,2,0.56,0.768333,0.133696,6421
482,489,2,1,5,0,5,1,0.6275,0.735417,0.162938,6296
483,490,2,1,5,0,6,2,0.621667,0.756667,0.152992,6883
484,491,2,1,5,0,0,2,0.5625,0.74,0.149879,6359
485,492,2,1,5,0,1,2,0.5375,0.664167,0.230721,6273
486,493,2,1,5,0,2,2,0.581667,0.685833,0.296029,5728
487,494,2,1,5,0,3,2,0.575,0.744167,0.216412,4717
488,495,2,1,5,0,4,1,0.505833,0.552083,0.314063,6572
489,496,2,1,5,0,5,1,0.533333,0.360417,0.236937,7030
490,497,2,1,5,0,6,1,0.564167,0.480417,0.123133,7429
491,498,2,1,5,0,0,1,0.6125,0.57625,0.225117,6118
492,499,2,1,5,0,1,2,0.573333,0.789583,0.212692,2843
493,500,2,1,5,0,2,2,0.611667,0.794583,0.147392,5115
494,501,2,1,5,0,3,1,0.636667,0.697917,0.122512,7424
495,502,2,1,5,0,4,1,0.593333,0.52,0.229475,7384
496,503,2,1,5,0,5,1,0.564167,0.523333,0.136817,7639
497,504,2,1,5,0,6,1,0.6,0.45625,0.083975,8294
498,505,2,1,5,0,0,1,0.620833,0.530417,0.254367,7129
499,506,2,1,5,0,1,2,0.598333,0.81125,0.233204,4359
500,507,2,1,5,0,2,2,0.615,0.765833,0.118167,6073
501,508,2,1,5,0,3,2,0.621667,0.774583,0.102,5260
502,509,2,1,5,0,4,1,0.655,0.716667,0.172896,6770
503,510,2,1,5,0,5,1,0.68,0.747083,0.14055,6734
504,511,2,1,5,0,6,1,0.6925,0.7325,0.198992,6536
505,512,2,1,5,0,0,1,0.69,0.697083,0.215171,6591
506,513,2,1,5,1,1,1,0.7125,0.67625,0.196521,6043
507,514,2,1,5,0,2,1,0.7225,0.684583,0.2954,5743
508,515,2,1,5,0,3,2,0.656667,0.67,0.134329,6855
509,516,2,1,5,0,4,1,0.68,0.492917,0.195279,7338
510,517,2,1,6,0,5,2,0.654167,0.755417,0.237563,4127
511,518,2,1,6,0,6,1,0.583333,0.549167,0.186562,8120
512,519,2,1,6,0,0,1,0.6025,0.493333,0.184087,7641
513,520,2,1,6,0,1,1,0.5975,0.487083,0.284833,6998
514,521,2,1,6,0,2,2,0.540833,0.613333,0.209575,7001
515,522,2,1,6,0,3,1,0.554167,0.61125,0.077125,7055
516,523,2,1,6,0,4,1,0.6025,0.567083,0.15735,7494
517,524,2,1,6,0,5,1,0.649167,0.467917,0.175383,7736
518,525,2,1,6,0,6,1,0.710833,0.437083,0.144287,7498
519,526,2,1,6,0,0,1,0.726667,0.538333,0.133721,6598
520,527,2,1,6,0,1,2,0.720833,0.587917,0.207713,6664
521,528,2,1,6,0,2,2,0.653333,0.833333,0.214546,4972
522,529,2,1,6,0,3,1,0.655833,0.582083,0.343279,7421
523,530,2,1,6,0,4,1,0.648333,0.569583,0.253733,7363
524,531,2,1,6,0,5,1,0.639167,0.589583,0.176617,7665
525,532,2,1,6,0,6,1,0.631667,0.504167,0.166667,7702
526,533,2,1,6,0,0,1,0.5925,0.59875,0.144904,6978
527,534,2,1,6,0,1,2,0.568333,0.777917,0.174746,5099
528,535,2,1,6,0,2,1,0.688333,0.69,0.148017,6825
529,536,2,1,6,0,3,1,0.7825,0.592083,0.113812,6211
530,537,3,1,6,0,4,1,0.805833,0.567917,0.118787,5905
531,538,3,1,6,0,5,1,0.7775,0.57375,0.182842,5823
532,539,3,1,6,0,6,1,0.731667,0.534583,0.179721,7458
533,540,3,1,6,0,0,1,0.743333,0.479167,0.145525,6891
534,541,3,1,6,0,1,1,0.715833,0.504167,0.300383,6779
535,542,3,1,6,0,2,1,0.630833,0.373333,0.347642,7442
536,543,3,1,6,0,3,1,0.6975,0.36,0.271775,7335
537,544,3,1,6,0,4,1,0.749167,0.4225,0.17165,6879
538,545,3,1,6,0,5,1,0.834167,0.48875,0.165417,5463
539,546,3,1,6,0,6,1,0.765,0.60125,0.161071,5687
540,547,3,1,7,0,0,1,0.815833,0.51875,0.168529,5531
541,548,3,1,7,0,1,1,0.781667,0.447083,0.195267,6227
542,549,3,1,7,0,2,1,0.780833,0.492083,0.126237,6660
543,550,3,1,7,1,3,1,0.789167,0.53875,0.13495,7403
544,551,3,1,7,0,4,1,0.8275,0.457917,0.194029,6241
545,552,3,1,7,0,5,1,0.828333,0.450833,0.146142,6207
546,553,3,1,7,0,6,1,0.861667,0.492083,0.163554,4840
547,554,3,1,7,0,0,1,0.8225,0.57375,0.125629,4672
548,555,3,1,7,0,1,2,0.710833,0.683333,0.180975,6569
549,556,3,1,7,0,2,2,0.720833,0.6675,0.151737,6290
550,557,3,1,7,0,3,1,0.716667,0.633333,0.151733,7264
551,558,3,1,7,0,4,1,0.715833,0.529583,0.146775,7446
552,559,3,1,7,0,5,2,0.731667,0.485833,0.08085,7499
553,560,3,1,7,0,6,2,0.703333,0.699167,0.143679,6969
554,561,3,1,7,0,0,1,0.745833,0.717917,0.166667,6031
555,562,3,1,7,0,1,1,0.763333,0.645,0.164187,6830
556,563,3,1,7,0,2,1,0.818333,0.505833,0.114429,6786
557,564,3,1,7,0,3,1,0.793333,0.577083,0.137442,5713
558,565,3,1,7,0,4,1,0.77,0.600417,0.165429,6591
559,566,3,1,7,0,5,2,0.665833,0.844167,0.208967,5870
560,567,3,1,7,0,6,3,0.595833,0.865417,0.2133,4459
561,568,3,1,7,0,0,2,0.6675,0.7625,0.0939208,7410
562,569,3,1,7,0,1,1,0.741667,0.694167,0.138683,6966
563,570,3,1,7,0,2,1,0.750833,0.655,0.211454,7592
564,571,3,1,7,0,3,1,0.724167,0.45,0.1648,8173
565,572,3,1,7,0,4,1,0.776667,0.596667,0.284813,6861
566,573,3,1,7,0,5,1,0.781667,0.594583,0.152992,6904
567,574,3,1,7,0,6,1,0.755833,0.613333,0.15735,6685
568,575,3,1,7,0,0,1,0.721667,0.62375,0.170396,6597
569,576,3,1,7,0,1,1,0.730833,0.66875,0.153617,7105
570,577,3,1,7,0,2,1,0.713333,0.704167,0.165425,7216
571,578,3,1,8,0,3,1,0.7175,0.6775,0.141179,7580
572,579,3,1,8,0,4,1,0.7525,0.659583,0.129354,7261
573,580,3,1,8,0,5,2,0.765833,0.6425,0.215792,7175
574,581,3,1,8,0,6,1,0.793333,0.613333,0.257458,6824
575,582,3,1,8,0,0,1,0.769167,0.6525,0.290421,5464
576,583,3,1,8,0,1,2,0.7525,0.654167,0.129354,7013
577,584,3,1,8,0,2,2,0.735833,0.70375,0.116908,7273
578,585,3,1,8,0,3,2,0.75,0.672917,0.1107,7534
579,586,3,1,8,0,4,1,0.755833,0.620417,0.1561,7286
580,587,3,1,8,0,5,2,0.715833,0.715833,0.238813,5786
581,588,3,1,8,0,6,2,0.6925,0.732917,0.206479,6299
582,589,3,1,8,0,0,1,0.700833,0.530417,0.122512,6544
583,590,3,1,8,0,1,1,0.720833,0.545417,0.136212,6883
584,591,3,1,8,0,2,1,0.726667,0.686667,0.169158,6784
585,592,3,1,8,0,3,1,0.706667,0.619583,0.169771,7347
586,593,3,1,8,0,4,1,0.719167,0.519167,0.141796,7605
587,594,3,1,8,0,5,1,0.723333,0.570833,0.231354,7148
588,595,3,1,8,0,6,1,0.678333,0.603333,0.177867,7865
589,596,3,1,8,0,0,2,0.635833,0.711667,0.08645,4549
590,597,3,1,8,0,1,2,0.635833,0.734167,0.129979,6530
591,598,3,1,8,0,2,1,0.649167,0.67375,0.0727708,7006
592,599,3,1,8,0,3,1,0.6675,0.677083,0.0702833,7375
593,600,3,1,8,0,4,1,0.695833,0.635833,0.0845958,7765
594,601,3,1,8,0,5,2,0.7025,0.615,0.0721458,7582
595,602,3,1,8,0,6,2,0.661667,0.712917,0.244408,6053
596,603,3,1,8,0,0,2,0.653333,0.845833,0.228858,5255
597,604,3,1,8,0,1,1,0.703333,0.730417,0.128733,6917
598,605,3,1,8,0,2,1,0.728333,0.62,0.190925,7040
599,606,3,1,8,0,3,1,0.685,0.552083,0.112562,7697
600,607,3,1,8,0,4,1,0.706667,0.590417,0.0771167,7713
601,608,3,1,8,0,5,1,0.764167,0.5875,0.168533,7350
602,609,3,1,9,0,6,2,0.753333,0.638333,0.113187,6140
603,610,3,1,9,0,0,2,0.696667,0.815,0.0640708,5810
604,611,3,1,9,1,1,1,0.7075,0.790833,0.151121,6034
605,612,3,1,9,0,2,1,0.725833,0.755,0.236321,6864
606,613,3,1,9,0,3,1,0.736667,0.74125,0.187808,7112
607,614,3,1,9,0,4,2,0.696667,0.810417,0.142421,6203
608,615,3,1,9,0,5,1,0.703333,0.73625,0.171646,7504
609,616,3,1,9,0,6,2,0.659167,0.799167,0.281104,5976
610,617,3,1,9,0,0,1,0.61,0.5475,0.224496,8227
611,618,3,1,9,0,1,1,0.583333,0.50375,0.258713,7525
612,619,3,1,9,0,2,1,0.5775,0.52,0.0920542,7767
613,620,3,1,9,0,3,1,0.599167,0.577083,0.131846,7870
614,621,3,1,9,0,4,1,0.6125,0.637083,0.0827208,7804
615,622,3,1,9,0,5,1,0.633333,0.6725,0.103863,8009
616,623,3,1,9,0,6,1,0.608333,0.501667,0.247521,8714
617,624,3,1,9,0,0,1,0.58,0.57,0.0901833,7333
618,625,3,1,9,0,1,2,0.580833,0.734583,0.151742,6869
619,626,3,1,9,0,2,2,0.623333,0.8725,0.357587,4073
620,627,3,1,9,0,3,1,0.5525,0.536667,0.215175,7591
621,628,3,1,9,0,4,1,0.546667,0.618333,0.118167,7720
622,629,3,1,9,0,5,1,0.599167,0.66875,0.154229,8167
623,630,3,1,9,0,6,1,0.65,0.646667,0.283583,8395
624,631,4,1,9,0,0,1,0.529167,0.467083,0.223258,7907
625,632,4,1,9,0,1,1,0.514167,0.492917,0.142404,7436
626,633,4,1,9,0,2,1,0.55,0.57,0.236321,7538
627,634,4,1,9,0,3,1,0.635,0.630833,0.2444,7733
628,635,4,1,9,0,4,2,0.65,0.690833,0.134342,7393
629,636,4,1,9,0,5,2,0.619167,0.69,0.164179,7415
630,637,4,1,9,0,6,1,0.5425,0.542917,0.227604,8555
631,638,4,1,9,0,0,1,0.526667,0.583333,0.134958,6889
632,639,4,1,10,0,1,2,0.520833,0.649167,0.0908042,6778
633,640,4,1,10,0,2,3,0.590833,0.871667,0.104475,4639
634,641,4,1,10,0,3,2,0.6575,0.79375,0.0665458,7572
635,642,4,1,10,0,4,2,0.6575,0.722917,0.117546,7328
636,643,4,1,10,0,5,1,0.615,0.6275,0.10635,8156
637,644,4,1,10,0,6,1,0.554167,0.664167,0.268025,7965
638,645,4,1,10,0,0,2,0.415833,0.708333,0.141162,3510
639,646,4,1,10,1,1,2,0.383333,0.709583,0.189679,5478
640,647,4,1,10,0,2,2,0.446667,0.761667,0.1903,6392
641,648,4,1,10,0,3,1,0.514167,0.630833,0.187821,7691
642,649,4,1,10,0,4,1,0.435,0.463333,0.181596,7570
643,650,4,1,10,0,5,1,0.4375,0.539167,0.235092,7282
644,651,4,1,10,0,6,1,0.393333,0.494583,0.146142,7109
645,652,4,1,10,0,0,1,0.521667,0.640417,0.278612,6639
646,653,4,1,10,0,1,2,0.561667,0.7075,0.296037,5875
647,654,4,1,10,0,2,1,0.468333,0.558333,0.182221,7534
648,655,4,1,10,0,3,1,0.455833,0.692917,0.101371,7461
649,656,4,1,10,0,4,2,0.5225,0.728333,0.236937,7509
650,657,4,1,10,0,5,2,0.563333,0.815,0.134954,5424
651,658,4,1,10,0,6,1,0.484167,0.572917,0.117537,8090
652,659,4,1,10,0,0,1,0.464167,0.51,0.166054,6824
653,660,4,1,10,0,1,1,0.4875,0.568333,0.0814833,7058
654,661,4,1,10,0,2,1,0.544167,0.641667,0.0945458,7466
655,662,4,1,10,0,3,1,0.5875,0.63625,0.0727792,7693
656,663,4,1,10,0,4,2,0.55,0.800417,0.124375,7359
657,664,4,1,10,0,5,2,0.545833,0.807083,0.132467,7444
658,665,4,1,10,0,6,2,0.53,0.72,0.235692,7852
659,666,4,1,10,0,0,2,0.4775,0.694583,0.398008,4459
660,667,4,1,10,0,1,3,0.44,0.88,0.3582,22
661,668,4,1,10,0,2,2,0.318182,0.825455,0.213009,1096
662,669,4,1,10,0,3,2,0.3575,0.666667,0.166667,5566
663,670,4,1,11,0,4,2,0.365833,0.581667,0.157346,5986
664,671,4,1,11,0,5,1,0.355,0.522083,0.266175,5847
665,672,4,1,11,0,6,2,0.343333,0.49125,0.270529,5138
666,673,4,1,11,0,0,1,0.325833,0.532917,0.179108,5107
667,674,4,1,11,0,1,1,0.319167,0.494167,0.236325,5259
668,675,4,1,11,0,2,1,0.280833,0.567083,0.173513,5686
669,676,4,1,11,0,3,2,0.295833,0.5475,0.304108,5035
670,677,4,1,11,0,4,1,0.352174,0.333478,0.347835,5315
671,678,4,1,11,0,5,1,0.361667,0.540833,0.214558,5992
672,679,4,1,11,0,6,1,0.389167,0.645417,0.0578458,6536
673,680,4,1,11,0,0,1,0.420833,0.659167,0.1275,6852
674,681,4,1,11,1,1,1,0.485,0.741667,0.173517,6269
675,682,4,1,11,0,2,2,0.343333,0.662917,0.342046,4094
676,683,4,1,11,0,3,1,0.289167,0.552083,0.199625,5495
677,684,4,1,11,0,4,2,0.321667,0.620417,0.152987,5445
678,685,4,1,11,0,5,1,0.345,0.524583,0.171025,5698
679,686,4,1,11,0,6,1,0.325,0.545417,0.179729,5629
680,687,4,1,11,0,0,1,0.3425,0.692917,0.227612,4669
681,688,4,1,11,0,1,2,0.380833,0.623333,0.235067,5499
682,689,4,1,11,0,2,2,0.374167,0.685,0.082725,5634
683,690,4,1,11,0,3,1,0.353333,0.61375,0.103246,5146
684,691,4,1,11,1,4,1,0.34,0.580417,0.0528708,2425
685,692,4,1,11,0,5,1,0.368333,0.56875,0.148021,3910
686,693,4,1,11,0,6,1,0.278333,0.404583,0.376871,2277
687,694,4,1,11,0,0,1,0.245833,0.468333,0.1505,2424
688,695,4,1,11,0,1,1,0.313333,0.535417,0.04665,5087
689,696,4,1,11,0,2,2,0.291667,0.786667,0.237562,3959
690,697,4,1,11,0,3,1,0.296667,0.50625,0.210821,5260
691,698,4,1,11,0,4,1,0.28087,0.555652,0.115522,5323
692,699,4,1,11,0,5,1,0.298333,0.649583,0.0584708,5668
693,700,4,1,12,0,6,2,0.298333,0.806667,0.0597042,5191
694,701,4,1,12,0,0,2,0.3475,0.823333,0.124379,4649
695,702,4,1,12,0,1,1,0.4525,0.7675,0.0827208,6234
696,703,4,1,12,0,2,1,0.475833,0.73375,0.174129,6606
697,704,4,1,12,0,3,1,0.438333,0.485,0.324021,5729
698,705,4,1,12,0,4,1,0.255833,0.50875,0.174754,5375
699,706,4,1,12,0,5,2,0.320833,0.764167,0.1306,5008
700,707,4,1,12,0,6,2,0.381667,0.91125,0.101379,5582
701,708,4,1,12,0,0,2,0.384167,0.905417,0.157975,3228
702,709,4,1,12,0,1,2,0.435833,0.925,0.190308,5170
703,710,4,1,12,0,2,2,0.353333,0.596667,0.296037,5501
704,711,4,1,12,0,3,2,0.2975,0.538333,0.162937,5319
705,712,4,1,12,0,4,1,0.295833,0.485833,0.174129,5532
706,713,4,1,12,0,5,1,0.281667,0.642917,0.131229,5611
707,714,4,1,12,0,6,1,0.324167,0.650417,0.10635,5047
708,715,4,1,12,0,0,2,0.3625,0.83875,0.100742,3786
709,717,4,1,12,0,2,1,0.410833,0.66625,0.221404,5557
710,718,4,1,12,0,3,1,0.3325,0.625417,0.184092,5267
711,719,4,1,12,0,4,2,0.33,0.667917,0.132463,4128
712,720,1,1,12,0,5,2,0.326667,0.556667,0.374383,3623
713,721,1,1,12,0,6,1,0.265833,0.44125,0.407346,1749
714,722,1,1,12,0,0,1,0.245833,0.515417,0.133083,1787
715,723,1,1,12,0,1,2,0.231304,0.791304,0.0772304,920
716,724,1,1,12,1,2,2,0.291304,0.734783,0.168726,1013
717,725,1,1,12,0,3,3,0.243333,0.823333,0.316546,441
718,726,1,1,12,0,4,2,0.254167,0.652917,0.350133,2114
719,727,1,1,12,0,5,2,0.253333,0.59,0.155471,3095
720,728,1,1,12,0,6,2,0.253333,0.752917,0.124383,1341
721,729,1,1,12,0,0,1,0.255833,0.483333,0.350754,1796
722,730,1,1,12,0,1,2,0.215833,0.5775,0.154846,2729
