,index,season,year,month,holiday,weekday,weather,temperature,humidity,windspeed
568,575,3,1,7,0,0,1,0.721667,0.62375,0.170396
495,502,2,1,5,0,4,1,0.593333,0.52,0.229475
573,580,3,1,8,0,5,2,0.765833,0.6425,0.215792
454,461,2,1,4,0,5,1,0.403333,0.377083,0.300388
667,674,4,1,11,0,1,1,0.319167,0.494167,0.236325
480,487,2,1,5,0,3,1,0.564167,0.797083,0.138058
344,346,4,0,12,0,2,1,0.2825,0.59,0.14055
40,40,1,0,2,0,4,1,0.144348,0.437391,0.221935
31,31,1,0,2,0,2,2,0.192174,0.829565,0.053213
14,14,1,0,1,0,6,2,0.233333,0.49875,0.157963
437,444,1,1,3,0,2,1,0.560833,0.807917,0.121271
640,647,4,1,10,0,2,2,0.446667,0.761667,0.1903
122,123,2,0,5,0,3,2,0.414167,0.737083,0.328996
332,334,4,0,12,0,4,1,0.3125,0.524583,0.220158
327,329,4,0,11,0,6,1,0.375833,0.681667,0.0684208
354,356,1,0,12,0,5,1,0.373333,0.68625,0.274246
113,114,2,0,4,0,1,1,0.606667,0.776667,0.185333
703,710,4,1,12,0,2,2,0.353333,0.596667,0.296037
250,251,3,0,9,0,5,2,0.65,0.897917,0.124379
563,570,3,1,7,0,2,1,0.750833,0.655,0.211454
103,104,2,0,4,1,5,1,0.446667,0.67125,0.226375
362,364,1,0,12,0,6,1,0.41,0.615833,0.220154
162,163,2,0,6,0,1,1,0.635,0.494583,0.30535
456,463,2,1,4,0,0,1,0.5,0.275833,0.232596
215,216,3,0,8,0,5,1,0.710833,0.630833,0.184696
475,482,2,1,4,0,5,1,0.4575,0.400833,0.347633
267,268,4,0,9,0,1,2,0.649167,0.848333,0.1107
624,631,4,1,9,0,0,1,0.529167,0.467083,0.223258
8,8,1,0,1,0,0,1,0.138333,0.434167,0.36195
385,388,1,1,1,0,2,1,0.3425,0.835833,0.123767
187,188,3,0,7,0,5,2,0.709167,0.757917,0.225129
441,448,2,1,3,0,6,2,0.5025,0.885417,0.192783
696,703,4,1,12,0,2,1,0.475833,0.73375,0.174129
193,194,3,0,7,0,4,1,0.680833,0.47625,0.240667
598,605,3,1,8,0,2,1,0.728333,0.62,0.190925
546,553,3,1,7,0,6,1,0.861667,0.492083,0.163554
658,665,4,1,10,0,6,2,0.53,0.72,0.235692
363,365,1,1,1,0,0,1,0.37,0.6925,0.192167
318,320,4,0,11,0,4,2,0.341667,0.575833,0.305362
1,1,1,0,1,0,0,2,0.363478,0.696087,0.248539
55,56,1,0,2,0,6,1,0.2825,0.537917,0.186571
412,416,1,1,2,0,2,1,0.287826,0.594348,0.205717
355,357,1,0,12,0,6,1,0.3025,0.5425,0.190304
625,632,4,1,9,0,1,1,0.514167,0.492917,0.142404
157,158,2,0,6,0,3,1,0.775833,0.622083,0.136817
236,237,3,0,8,0,5,1,0.7,0.76125,0.0839625
351,353,4,0,12,0,2,2,0.385833,0.595417,0.0615708
313,315,4,0,11,0,6,1,0.356667,0.552917,0.212062
325,327,4,0,11,1,4,1,0.373333,0.549167,0.167304
616,623,3,1,9,0,6,1,0.608333,0.501667,0.247521
294,296,4,0,10,0,1,1,0.463333,0.772083,0.118792
523,530,2,1,6,0,4,1,0.648333,0.569583,0.253733
540,547,3,1,7,0,0,1,0.815833,0.51875,0.168529
588,595,3,1,8,0,6,1,0.678333,0.603333,0.177867
181,182,3,0,7,0,6,1,0.738333,0.444583,0.115062
425,432,1,1,3,0,4,1,0.5275,0.5675,0.441563
249,250,3,0,9,0,4,3,0.633913,0.939565,0.192748
366,368,1,1,1,0,3,2,0.1075,0.414583,0.1847
593,600,3,1,8,0,4,1,0.695833,0.635833,0.0845958
587,594,3,1,8,0,5,1,0.723333,0.570833,0.231354
242,243,3,0,9,0,4,1,0.655,0.639167,0.141796
542,549,3,1,7,0,2,1,0.780833,0.492083,0.126237
505,512,2,1,5,0,0,1,0.69,0.697083,0.215171
27,27,1,0,1,0,5,2,0.203478,0.793043,0.1233
239,240,3,0,8,0,1,1,0.636667,0.554583,0.159825
596,603,3,1,8,0,0,2,0.653333,0.845833,0.228858
283,284,4,0,10,0,3,3,0.543333,0.90625,0.24815
353,355,1,0,12,0,4,2,0.423333,0.7575,0.047275
222,223,3,0,8,0,5,1,0.708333,0.415,0.125621
487,494,2,1,5,0,3,2,0.575,0.744167,0.216412
676,683,4,1,11,0,3,1,0.289167,0.552083,0.199625
583,590,3,1,8,0,1,1,0.720833,0.545417,0.136212
75,76,1,0,3,0,5,1,0.54,0.525217,0.231017
79,80,2,0,3,0,2,1,0.441667,0.624583,0.22575
85,86,2,0,3,0,1,1,0.264348,0.302174,0.212204
315,317,4,0,11,0,1,1,0.53,0.587083,0.306596
338,340,4,0,12,0,3,3,0.41,0.970417,0.266175
603,610,3,1,9,0,0,2,0.696667,0.815,0.0640708
721,729,1,1,12,0,0,1,0.255833,0.483333,0.350754
255,256,3,0,9,0,3,1,0.673333,0.697083,0.1673
266,267,4,0,9,0,0,2,0.634167,0.845,0.0503792
50,51,1,0,2,1,1,2,0.303333,0.605,0.307846
172,173,3,0,6,0,4,2,0.728333,0.703333,0.238804
564,571,3,1,7,0,3,1,0.724167,0.45,0.1648
648,655,4,1,10,0,3,1,0.455833,0.692917,0.101371
479,486,2,1,5,0,2,2,0.613333,0.659583,0.156096
572,579,3,1,8,0,4,1,0.7525,0.659583,0.129354
408,412,1,1,2,0,5,1,0.343333,0.634583,0.205846
10,10,1,0,1,0,2,2,0.169091,0.686364,0.122132
68,69,1,0,3,0,5,2,0.316522,0.649565,0.23297
626,633,4,1,9,0,2,1,0.55,0.57,0.236321
491,498,2,1,5,0,0,1,0.6125,0.57625,0.225117
716,724,1,1,12,1,2,2,0.291304,0.734783,0.168726
474,481,2,1,4,0,4,2,0.498333,0.756667,0.176625
553,560,3,1,7,0,6,2,0.703333,0.699167,0.143679
397,400,1,1,2,0,0,2,0.265833,0.687917,0.175996
477,484,2,1,4,0,0,1,0.458333,0.587083,0.116908
258,259,3,0,9,0,6,2,0.491667,0.718333,0.189675
641,648,4,1,10,0,3,1,0.514167,0.630833,0.187821
670,677,4,1,11,0,4,1,0.352174,0.333478,0.347835
316,318,4,0,11,0,2,2,0.53,0.68875,0.199633
334,336,4,0,12,0,6,1,0.299167,0.612917,0.0957833
204,205,3,0,7,0,1,1,0.743333,0.757083,0.0908083
655,662,4,1,10,0,3,1,0.5875,0.63625,0.0727792
645,652,4,1,10,0,0,1,0.521667,0.640417,0.278612
365,367,1,1,1,0,2,1,0.15,0.44125,0.365671
627,634,4,1,9,0,3,1,0.635,0.630833,0.2444
245,246,3,0,9,0,0,1,0.709167,0.742083,0.206467
375,377,1,1,1,0,5,1,0.274167,0.5075,0.378108
497,504,2,1,5,0,6,1,0.6,0.45625,0.083975
49,50,1,0,2,0,0,1,0.285217,0.407826,0.223235
485,492,2,1,5,0,1,2,0.5375,0.664167,0.230721
360,362,1,0,12,0,4,1,0.248333,0.574167,0.119412
579,586,3,1,8,0,4,1,0.755833,0.620417,0.1561
170,171,3,0,6,0,2,2,0.680833,0.770417,0.171025
681,688,4,1,11,0,1,2,0.380833,0.623333,0.235067
449,456,2,1,4,0,0,2,0.425833,0.67625,0.172267
37,37,1,0,2,0,1,1,0.271667,0.738333,0.0454083
337,339,4,0,12,0,2,3,0.4625,0.949583,0.232583
48,49,1,0,2,0,6,1,0.399167,0.187917,0.507463
531,538,3,1,6,0,5,1,0.7775,0.57375,0.182842
657,664,4,1,10,0,5,2,0.545833,0.807083,0.132467
263,264,3,0,9,0,4,2,0.628333,0.902083,0.128125
18,18,1,0,1,0,3,2,0.292174,0.741739,0.208317
346,348,4,0,12,0,4,2,0.4225,0.634167,0.268042
175,176,3,0,6,0,0,1,0.68,0.513333,0.0945333
76,77,1,0,3,0,6,1,0.4725,0.379167,0.368167
64,65,1,0,3,0,1,1,0.261739,0.551304,0.341352
575,582,3,1,8,0,0,1,0.769167,0.6525,0.290421
52,53,1,0,2,0,3,1,0.221739,0.423043,0.094113
424,429,1,1,3,0,1,1,0.243333,0.50625,0.228858
382,385,1,1,1,0,6,2,0.173333,0.83125,0.222642
435,442,1,1,3,0,0,2,0.4725,0.81,0.126883
367,369,1,1,1,0,4,1,0.265833,0.524167,0.129987
211,212,3,0,8,0,1,1,0.771667,0.550833,0.156717
503,510,2,1,5,0,5,1,0.68,0.747083,0.14055
156,157,2,0,6,0,2,1,0.7075,0.597917,0.187808
142,143,2,0,5,0,2,2,0.66,0.740833,0.207092
118,119,2,0,4,0,6,1,0.4725,0.503333,0.235075
214,215,3,0,8,0,4,2,0.71,0.7575,0.19715
695,702,4,1,12,0,1,1,0.4525,0.7675,0.0827208
406,410,1,1,2,0,3,1,0.348333,0.53125,0.1816
251,252,3,0,9,0,6,1,0.66,0.75375,0.153608
252,253,3,0,9,0,0,1,0.653333,0.71375,0.115054
97,98,2,0,4,0,6,2,0.3425,0.8775,0.133083
